jazmyne_lubowitz@metz.biz,Hélio da Silva,758-505-9482
janick1933@wolf.net,Noah Sais,976-593-5140
oleta_crist@price.org,Maria Helena Cardoso Filho,3898148923
angelica_lang@doyle.biz,Maria Sophia Coutinho,661/927-0828
estell2075@collins.info,Fernanda da Madureira,951.312.1764
ollie.franecki@mayert.name,Thiago de Quadros,728/394-6495
mathew1911@pouros.info,Fabrício Dorneles,639.921.7286
maud2083@gutkowski.com,Warley Passarinho,759/837-0962
marc.anderson@turcotte.net,Isis Madeira Neto,553.891.8225
albina.abernathy@beatty.name,Lucas Ouriques,8128221642
rebeca_strosin@fisher.info,Sr. Davi Luiz Batista,431.562.5122
haley1979@green.biz,Luiz Esteves Jr.,621-313-5975
tressie1936@dibbert.org,Maitê Rodrigues,(956) 945-4713
brook.fahey@franecki.info,Feliciano Monteira,462-216-2143
lavinia2080@farrell.net,Arthur Gabriel Siqueiro,(405) 657-8429
ismael.connelly@considine.name,Ricardo Barreira,903-598-4722
blaise.hessel@muller.net,Roberta Espinheira Neto,921.561.5799
neal1989@tremblay.org,Dr. Pedro Henrique Souza Jr.,579-852-1644
arvid_cartwright@lesch.info,Luiz Miguel Resende,7184371386
elena2061@erdman.com,Félix Garcês,209/571-9467
leonel_lehner@nienow.net,Bernardo Almeida,4828097936
soledad2046@larkin.com,Erick Rebouças,(218) 497-7246
lewis.murphy@kohler.org,Pedro Lucas Datena,3138241711
joanny2082@dubuque.org,Kléber Martim,(569) 312-4368
dawn2081@schultz.info,Srta. Milena Espinheira,(237) 344-1660
stefanie.schamberger@hoeger.info,Felipe da Fontoura,(360) 608-8479
norene2035@maggio.com,Maria Alice de Quadros,251/932-3614
lindsay.kilback@friesen.com,Manuela Matoso,220.416.0122
floyd.schulist@lehner.net,Bryan Siqueira,2242927699
wilhelmine.swift@monahan.info,Gustavo da Fontoura,800/538-6713
loren_miller@rau.name,Joaquim Videira,5359190323
laurel2030@pollich.org,Norberto Barreira,887.596.1773
kellen2043@ziemann.com,Vinícius Jaques Filho,655/283-6833
winifred.bruen@keebler.biz,Mathias Paiva,365-534-4907
anita1953@gibson.com,Vinicius Ramires,222-548-4286
emilie2044@schowalter.name,Letícia da Fonseca,668-819-9389
conor2012@wolf.net,Lara Godinho,(455) 449-2074
electa1925@bogan.net,Sra. Giulia Cabreira,273-271-9618
carli.kuhic@wilkinson.biz,Pedro Miguel Bittencourt,652-813-5420
cathrine.oberbrunner@bashirian.info,Lavínia Regueira,933/714-4589
jacquelyn.purdy@mann.org,Maria Sophia da Madureira,534/742-9466
marco1952@mertz.biz,Kléber Castanheira,(407) 959-1441
casimir2056@crist.name,Luna Videira,(285) 939-7190
britney1902@schaefer.net,Warley Muniz,660/362-9921
nicolas1928@kessler.com,Pablo Fernandes,604/983-2408
josephine2088@bosco.com,Luiza Galvão Jr.,7595665059
ellen1945@trantow.biz,Gabriel Monteira,337.223.7140
carroll.kirlin@price.net,Maria Fernanda Coutinho,546.468.8838
cathrine.von@rath.name,Srta. Giulia Limeira Neto,(904) 386-4905
vladimir.swift@veum.biz,Catarina Rezende Jr.,982/903-5504
